School_Year,OPT Code,Total Field Trips,Total Vehicles,Total Passengers,Unique Destinations
2022-2023,24153,61,76,2915,38
2022-2023,02183,27,27,789,11
2022-2023,11001,2,3,91,2
2022-2023,10340,43,57,1382,7
2022-2023,20750,7,10,282,5
2022-2023,19364,12,23,733,11
2022-2023,08562,2,2,66,1
2022-2023,05286,1,1,26,1
2022-2023,21727,1,1,9,1
2022-2023,22217,24,38,1146,7
2022-2023,30443,559,562,8255,28
2022-2023,02126,14,22,697,11
2022-2023,09451,5,17,608,4
2022-2023,16898,10,26,855,10
2022-2023,08146,7,12,345,7
2022-2023,07704,3,6,203,2
2022-2023,27519,3,4,127,3
2022-2023,06006,2,11,464,2
2022-2023,22703,9,24,848,7
2022-2023,01659,4,8,232,2
2022-2023,27416,1,5,125,1
2022-2023,02983,1,3,88,1
2022-2023,13595,4,17,665,4
2022-2023,30802,8,9,260,8
2022-2023,30424,71,140,4032,4
2022-2023,03325,3,5,71,3
2022-2023,30151,8,21,401,7
2022-2023,25459,152,155,1830,5
2022-2023,13029,1,3,80,1
2022-2023,24009,15,21,565,13
2022-2023,25717,4,9,322,3
2022-2023,16360,21,22,460,6
2022-2023,06578,2,8,270,2
2022-2023,17652,2,9,347,1
2022-2023,06013,8,32,1175,5
2022-2023,21805,11,30,1204,5
2022-2023,07657,9,25,893,6
2022-2023,11647,1,1,35,1
2022-2023,08420,1,2,42,1
2022-2023,10331,14,29,762,11
2022-2023,19431,1,1,21,1
2022-2023,19583,7,14,455,6
2022-2023,09232,12,31,843,9
2022-2023,19793,2,4,135,2
2022-2023,11002,25,32,975,7
2022-2023,20939,8,13,271,5
2022-2023,28461,3,3,32,3
2022-2023,19190,6,11,344,5
2022-2023,11543,6,10,285,6
2022-2023,03291,4,11,418,4
2022-2023,32162,4,7,191,3
2022-2023,12466,4,11,275,3
2022-2023,08093,3,4,109,3
2022-2023,10209,17,41,1229,4
2022-2023,31016,39,55,1509,30
2022-2023,01465,1,1,17,1
2022-2023,04385,6,13,413,6
2022-2023,29135,12,17,377,5
2022-2023,08718,1,4,172,1
2022-2023,24236,8,14,546,7
2022-2023,04433,3,6,165,3
2022-2023,18706,4,7,259,4
2022-2023,03420,12,14,335,8
2022-2023,06014,2,10,377,2
2022-2023,06002,3,3,48,3
2022-2023,05565,1,1,22,1
2022-2023,29805,31,38,1003,19
2022-2023,21984,1,6,264,1
2022-2023,20185,2,2,11,1
2022-2023,10360,14,27,654,9
2022-2023,10268,1,5,200,1
2022-2023,15650,1,3,112,1
2022-2023,15559,2,5,140,2
2022-2023,25765,13,27,889,11
2022-2023,31019,38,41,1030,17
2022-2023,07154,14,33,1089,12
2022-2023,09558,5,10,379,5
2022-2023,08012,1,3,102,1
2022-2023,27731,3,10,388,3
2022-2023,14018,16,31,1059,11
2022-2023,25419,2,3,80,2
2022-2023,21724,29,76,2860,14
2022-2023,07548,3,4,96,3
2022-2023,07031,11,23,706,9
2022-2023,10377,21,48,1688,9
2022-2023,28815,1,3,121,1
2022-2023,11686,17,48,1522,10
2022-2023,28451,1,1,11,1
2022-2023,06513,42,78,2411,5
2022-2023,05129,79,96,1783,6
2022-2023,27540,4,7,206,3
2022-2023,31028,18,26,801,11
2022-2023,04685,35,35,365,3
2022-2023,02167,4,7,216,2
2022-2023,31467,55,63,916,3
2022-2023,10703,4,4,102,2
2022-2023,26440,5,16,442,3
2022-2023,04610,5,7,136,4
2022-2023,06293,133,133,399,1
2022-2023,12443,6,7,234,6
2022-2023,07369,18,27,826,12
2022-2023,23392,5,11,363,5
2022-2023,17354,8,19,639,4
2022-2023,04661,4,8,225,4
2022-2023,02210,2,2,61,2
2022-2023,09073,11,19,536,5
2022-2023,30605,6,17,683,6
2022-2023,22809,34,36,1035,6
2022-2023,20739,8,34,1328,5
2022-2023,11112,6,10,367,4
2022-2023,17031,1,1,18,1
2022-2023,18279,17,24,641,16
2022-2023,29313,7,12,369,5
2022-2023,11160,7,24,702,4
2022-2023,13674,6,14,368,6
2022-2023,17027,4,10,304,3
2022-2023,27064,22,45,1491,17
2022-2023,08069,4,8,230,4
2022-2023,23001,4,17,560,4
2022-2023,15321,70,77,2426,35
2022-2023,13669,8,32,820,6
2022-2023,17549,144,144,1802,4
2022-2023,17025,1,2,50,1
2022-2023,28144,65,152,4833,28
2022-2023,30019,3,7,202,2
2022-2023,11096,21,73,2856,11
2022-2023,30700,7,13,384,7
2022-2023,23298,4,13,507,4
2022-2023,28679,68,69,1120,6
2022-2023,22715,2,6,206,1
2022-2023,31005,15,24,568,8
2022-2023,02455,1,2,50,1
2022-2023,24661,20,30,627,14
2022-2023,19551,3,13,506,2
2022-2023,07233,5,11,290,4
2022-2023,24044,1,1,14,1
2022-2023,05754,2,7,280,2
2022-2023,06102,2,4,154,2
2022-2023,08467,17,36,1401,9
2022-2023,31463,39,39,510,4
2022-2023,21707,9,31,1195,5
2022-2023,20893,1,7,308,1
2022-2023,06178,52,76,2079,24
2022-2023,06265,1,3,92,1
2022-2023,13655,1,1,30,1
2022-2023,32274,6,12,294,6
2022-2023,12438,1,1,35,1
2022-2023,02397,3,4,119,3
2022-2023,09324,13,23,812,11
2022-2023,31734,11,13,357,8
2022-2023,28802,2,2,58,2
2022-2023,22461,32,56,1045,5
2022-2023,13350,3,6,196,3
2022-2023,01188,31,31,771,3
2022-2023,17702,3,15,526,1
2022-2023,29181,10,24,679,4
2022-2023,07609,10,47,1746,7
2022-2023,31074,8,13,395,5
2022-2023,21730,1,4,160,1
2022-2023,09462,2,4,40,2
2022-2023,02911,2,2,46,2
2022-2023,30152,8,16,519,6
2022-2023,21097,35,85,3162,15
2022-2023,11514,9,16,492,8
2022-2023,11006,4,9,324,3
2022-2023,27009,7,7,109,2
2022-2023,22152,12,26,739,7
2022-2023,08453,83,154,2768,5
2022-2023,27520,11,22,683,11
2022-2023,15801,11,15,426,10
2022-2023,31054,59,113,3626,26
2022-2023,07179,11,19,573,9
2022-2023,21740,22,39,1361,10
2022-2023,12546,13,23,725,9
2022-2023,10719,4,6,176,4
2022-2023,02605,1,2,31,1
2022-2023,15570,1,1,16,1
2022-2023,31172,3,7,208,2
2022-2023,11655,256,260,3239,17
2022-2023,25201,7,14,460,6
2022-2023,05086,1,4,136,1
2022-2023,20186,17,43,1495,10
2022-2023,20227,4,22,855,3
2022-2023,24021,18,30,690,13
2022-2023,04112,60,197,1271,12
2022-2023,06192,3,6,180,2
2022-2023,11508,2,4,154,2
2022-2023,27973,2,2,42,2
2022-2023,10546,4,5,156,4
2022-2023,07161,4,10,353,4
2022-2023,11127,29,77,2699,15
2022-2023,21128,19,36,1083,13
2022-2023,25912,146,146,837,10
2022-2023,03149,34,35,912,9
2022-2023,10492,13,15,347,2
2022-2023,11513,8,12,358,7
2022-2023,05481,3,9,330,2
2022-2023,30227,35,70,2325,15
2022-2023,29844,10,23,748,8
2022-2023,01817,5,7,155,5
2022-2023,15447,6,6,198,3
2022-2023,30092,27,51,1480,11
2022-2023,18068,3,6,207,3
2022-2023,02714,3,5,204,3
2022-2023,10059,9,9,282,6
2022-2023,28522,14,15,416,13
2022-2023,14126,5,9,289,4
2022-2023,27316,35,62,1981,22
2022-2023,32151,83,115,3051,25
2022-2023,03087,35,40,1159,14
2022-2023,02530,2,2,50,1
2022-2023,03199,37,37,1134,7
2022-2023,09569,37,49,1329,12
2022-2023,21845,10,12,327,10
2022-2023,22446,2,2,26,2
2022-2023,27273,7,21,671,6
2022-2023,27723,2,6,205,2
2022-2023,32784,4,6,233,2
2022-2023,08392,23,59,1970,14
2022-2023,10009,5,19,680,3
2022-2023,22755,1,1,24,1
2022-2023,02169,37,40,1064,4
2022-2023,24732,3,12,430,3
2022-2023,13461,1,2,44,1
2022-2023,31997,2,2,20,1
2022-2023,02138,6,6,73,4
2022-2023,27053,10,17,560,10
2022-2023,26162,9,13,445,6
2022-2023,29156,15,28,844,10
2022-2023,11455,39,41,760,9
2022-2023,02875,1,2,73,1
2022-2023,17720,5,21,820,4
2022-2023,27351,3,5,94,3
2022-2023,20727,1,4,165,1
2022-2023,09361,41,59,1997,9
2022-2023,15734,1,13,550,1
2022-2023,18211,2,7,276,2
2022-2023,25450,161,161,2801,4
2022-2023,28687,7,9,301,4
2022-2023,19655,14,39,1413,10
2022-2023,17601,11,23,723,6
2022-2023,07475,17,30,771,14
2022-2023,11078,7,16,510,5
2022-2023,28101,34,56,1969,13
2022-2023,09250,15,28,1016,13
2022-2023,21677,29,33,770,15
2022-2023,28541,6,12,166,6
2022-2023,22240,19,32,1210,15
2022-2023,09468,1,2,65,1
2022-2023,27565,7,14,395,6
2022-2023,28725,12,33,1158,9
2022-2023,22431,2,6,191,2
2022-2023,29341,89,171,5977,27
2022-2023,17745,5,27,1119,3
2022-2023,12721,1,1,37,1
2022-2023,09725,10,24,878,8
2022-2023,27466,1,2,26,1
2022-2023,29416,1,5,185,1
2022-2023,11144,11,17,352,8
2022-2023,15789,5,7,141,3
2022-2023,05362,1,3,108,1
2022-2023,19292,4,5,132,3
2022-2023,06098,10,10,310,4
2022-2023,26711,11,13,472,4
2022-2023,07623,8,21,715,3
2022-2023,20056,1,1,7,1
2022-2023,07021,4,8,284,3
2022-2023,03673,4,6,196,3
2022-2023,02532,2,4,98,2
2022-2023,19020,6,13,283,3
2022-2023,17770,10,16,478,5
2022-2023,10018,23,28,891,5
2022-2023,26700,1,3,99,1
2022-2023,20685,1,1,17,1
2022-2023,10438,4,13,470,2
2022-2023,02308,2,2,52,2
2022-2023,09469,2,3,100,2
2022-2023,30010,1,2,44,1
2022-2023,15928,3,5,143,3
2022-2023,20762,2,4,102,1
2022-2023,09066,10,13,457,4
2022-2023,11565,14,25,762,9
2022-2023,06055,2,6,218,2
2022-2023,29116,98,110,3056,13
2022-2023,30734,2,4,143,2
2022-2023,18763,1,1,28,1
2022-2023,18007,3,11,469,3
2022-2023,10382,1,2,55,1
2022-2023,20179,20,35,1380,17
2022-2023,14774,1,5,210,1
2022-2023,19356,1,6,250,1
2022-2023,11041,25,100,3414,12
2022-2023,16593,2,6,240,1
2022-2023,12552,2,3,49,1
2022-2023,26515,4,23,891,4
2022-2023,30034,3,10,251,3
2022-2023,09126,6,16,567,5
2022-2023,31050,33,56,1778,13
2022-2023,15003,7,29,743,7
2022-2023,31708,4,10,375,2
2022-2023,08861,5,20,742,5
2022-2023,28472,340,340,2806,23
2022-2023,10315,31,36,1086,15
2022-2023,24068,7,15,503,5
2022-2023,04377,5,11,368,5
2022-2023,20012,518,520,1835,13
2022-2023,02130,56,56,1716,19
2022-2023,27063,9,17,480,5
2022-2023,09011,26,27,879,6
2022-2023,07016,6,14,476,6
2022-2023,13664,1,1,27,1
2022-2023,15124,4,5,125,3
2022-2023,21559,4,4,119,4
2022-2023,19306,7,11,271,3
2022-2023,07412,8,12,369,7
2022-2023,24102,39,79,3034,16
2022-2023,17625,5,8,330,5
2022-2023,02444,12,33,731,8
2022-2023,03191,24,45,1414,20
2022-2023,24552,4,6,197,3
2022-2023,10077,11,27,718,8
2022-2023,19715,16,17,419,12
2022-2023,22251,22,38,1034,9
2022-2023,31709,13,19,673,11
2022-2023,32347,7,10,193,6
2022-2023,08561,7,20,602,5
2022-2023,31706,2,2,71,1
2022-2023,27362,11,27,846,4
2022-2023,11068,16,33,938,11
2022-2023,26178,22,33,967,14
2022-2023,29467,2,2,27,2
2022-2023,30212,16,36,1135,13
2022-2023,17210,3,11,351,2
2022-2023,21684,8,8,135,4
2022-2023,07672,14,29,864,9
2022-2023,01419,31,42,1185,24
2022-2023,25701,6,12,378,3
2022-2023,02432,7,10,214,3
2022-2023,27950,2,2,23,2
2022-2023,09555,3,13,472,2
2022-2023,22245,11,24,692,9
2022-2023,10307,7,21,837,2
2022-2023,25602,7,7,308,6
2022-2023,25405,1,3,96,1
2022-2023,30512,5,8,265,3
2022-2023,21096,28,56,1861,15
2022-2023,07637,1,2,84,1
2022-2023,14355,1,4,107,1
2022-2023,26710,2,2,69,2
2022-2023,08444,8,15,474,5
2022-2023,24311,15,34,1164,9
2022-2023,27722,30,32,1058,12
2022-2023,28728,2,13,549,2
2022-2023,27852,2,3,92,2
2022-2023,30469,605,778,8267,7
2022-2023,20462,5,7,188,3
2022-2023,28358,7,11,388,3
2022-2023,12467,36,72,690,4
2022-2023,06368,54,55,1979,9
2022-2023,31176,22,22,257,5
2022-2023,19760,8,18,632,5
2022-2023,09110,4,6,169,2
2022-2023,02963,4,8,303,4
2022-2023,31002,27,59,1817,16
2022-2023,09022,5,12,448,4
2022-2023,26213,23,28,816,8
2022-2023,24091,16,29,890,8
2022-2023,20006,4,23,937,2
2022-2023,17465,1,1,12,1
2022-2023,10629,5,13,450,2
2022-2023,15118,12,12,364,8
2022-2023,09311,46,132,3043,6
2022-2023,13030,1,2,54,1
2022-2023,17030,1,2,45,1
2022-2023,17161,11,27,796,8
2022-2023,15107,15,18,558,12
2022-2023,10033,6,6,138,4
2022-2023,04168,4,8,280,3
2022-2023,23178,5,10,291,5
2022-2023,02063,5,6,84,4
2022-2023,11683,13,29,877,5
2022-2023,06687,5,15,536,5
2022-2023,25702,5,5,164,4
2022-2023,22254,13,22,677,10
2022-2023,06716,3,4,119,3
2022-2023,24414,49,130,4528,23
2022-2023,20713,9,14,415,9
2022-2023,29326,5,9,294,4
2022-2023,29445,7,11,242,6
2022-2023,02780,1,3,112,1
2022-2023,11665,3,9,297,1
2022-2023,31027,37,66,1719,20
2022-2023,04057,10,10,284,2
2022-2023,30126,2,2,70,2
2022-2023,30111,60,71,2046,6
2022-2023,28816,6,10,367,6
2022-2023,23184,33,82,2618,14
2022-2023,20704,3,10,398,3
2022-2023,10519,19,22,529,4
2022-2023,18657,37,106,3056,2
2022-2023,28044,2,2,27,2
2022-2023,09457,3,4,101,3
2022-2023,27306,4,14,284,4
2022-2023,26433,583,727,4755,29
2022-2023,18402,5,10,374,3
2022-2023,13483,3,3,101,2
2022-2023,09454,1,1,33,1
2022-2023,10547,2,2,44,2
2022-2023,08564,7,12,375,7
2022-2023,10390,15,39,1150,13
2022-2023,03661,4,6,199,2
2022-2023,29551,2,3,105,2
2022-2023,16800,1,2,55,1
2022-2023,11106,21,47,1666,13
2022-2023,24325,5,10,307,5
2022-2023,07003,16,21,789,6
2022-2023,21436,13,16,314,4
2022-2023,04483,36,72,1800,1
2022-2023,19300,4,9,232,4
2022-2023,02360,1,1,44,1
2022-2023,09132,8,16,470,6
2022-2023,28458,4,10,353,2
2022-2023,22203,20,53,1981,15
2022-2023,17005,82,89,1169,5
2022-2023,13528,27,27,353,10
2022-2023,29109,14,91,3809,13
2022-2023,10015,16,29,843,12
2022-2023,02778,1,1,41,1
2022-2023,28342,11,24,804,7
2022-2023,09058,27,38,847,6
2022-2023,12190,10,17,601,7
2022-2023,09042,9,15,456,9
2022-2023,23518,1,4,117,1
2022-2023,02811,11,11,198,1
2022-2023,19706,4,7,173,4
2022-2023,09017,1,1,34,1
2022-2023,15006,1,2,49,1
2022-2023,24737,1,2,74,1
2022-2023,31757,37,48,1390,4
2022-2023,18285,12,21,699,11
2022-2023,31446,10,12,259,6
2022-2023,12688,32,58,1730,16
2022-2023,13688,1,2,15,1
2022-2023,21329,3,5,148,2
2022-2023,29052,55,60,1644,8
2022-2023,27415,144,147,912,7
2022-2023,18684,4,24,951,2
2022-2023,19202,34,36,836,17
2022-2023,21002,60,60,716,6
2022-2023,09004,1,1,44,1
2022-2023,12008,1,1,10,1
2022-2023,20170,29,57,2155,13
2022-2023,25022,61,61,1581,27
2022-2023,20844,1,30,1320,1
2022-2023,11657,31,43,959,9
2022-2023,02492,14,22,645,9
2022-2023,31059,54,87,2551,30
2022-2023,09001,4,5,155,3
2022-2023,07017,8,37,1478,6
2022-2023,31079,638,643,8887,23
2022-2023,17571,2,2,66,2
2022-2023,31084,20,20,260,18
2022-2023,15958,4,5,120,4
2022-2023,14577,28,65,2448,9
2022-2023,29131,12,23,749,8
2022-2023,29552,3,6,264,3
2022-2023,20259,42,91,3198,19
2022-2023,21723,15,20,648,7
2022-2023,11357,17,51,1641,13
2022-2023,31469,200,559,2751,16
2022-2023,26177,1543,1598,15916,37
2022-2023,30748,4,5,138,4
2022-2023,18565,2,3,78,2
2022-2023,13553,1,3,100,1
2022-2023,31069,9,9,39,4
2022-2023,22664,8,11,319,5
2022-2023,14071,1,2,67,1
2022-2023,24515,12,16,380,10
2022-2023,19325,47,75,2446,19
2022-2023,04672,131,192,5251,25
2022-2023,28417,7,15,435,4
2022-2023,24488,2,15,252,2
2022-2023,21703,4,6,184,3
2022-2023,04837,7,12,381,4
2022-2023,03351,7,24,913,4
2022-2023,31077,125,241,1864,13
2022-2023,08349,7,13,351,6
2022-2023,10074,72,78,2540,5
2022-2023,31072,32,37,691,14
2022-2023,18694,89,104,2931,7
2022-2023,27060,15,38,1434,5
2022-2023,24239,15,36,967,10
2022-2023,28447,2,7,179,2
2022-2023,03494,4,4,133,4
2022-2023,02033,23,27,775,9
2022-2023,31707,2,3,123,2
2022-2023,22740,4,6,129,4
2022-2023,19149,7,7,97,4
2022-2023,27100,41,41,1200,10
2022-2023,05686,11,40,1448,6
2022-2023,07499,4,12,367,4
2022-2023,18208,3,8,284,3
2022-2023,02999,45,46,1731,7
2022-2023,21453,35,35,385,1
2022-2023,21370,32,32,288,1
2022-2023,04206,17,39,1338,10
2022-2023,21697,16,25,693,5
2022-2023,03185,2,4,78,2
2022-2023,20866,2,4,97,1
2022-2023,01400,3,3,45,3
2022-2023,13141,1,1,22,1
2022-2023,21685,24,39,1234,16
2022-2023,15001,44,69,2464,15
2022-2023,31801,4,5,150,3
2022-2023,25294,11,26,865,8
2022-2023,19507,11,23,766,7
2022-2023,25724,6,13,471,6
2022-2023,19273,6,14,478,6
2022-2023,07587,2,4,176,2
2022-2023,11471,5,12,416,3
2022-2023,20441,6,17,553,4
2022-2023,10431,3,3,41,1
2022-2023,07004,6,12,339,5
2022-2023,11648,30,64,1599,6
2022-2023,05655,2,10,398,2
2022-2023,17012,29,43,1367,8
2022-2023,17020,1,1,43,1
2022-2023,27386,10,23,780,5
2022-2023,08345,14,57,2129,10
2022-2023,31038,23,35,938,18
2022-2023,17399,14,30,1037,10
2022-2023,09497,1,2,65,1
2022-2023,22725,3,3,54,3
2022-2023,10141,10,38,1523,10
2022-2023,22222,31,70,1971,10
2022-2023,19663,3,3,95,3
2022-2023,20894,1,7,265,1
2022-2023,09328,5,11,343,3
2022-2023,25008,1,1,8,1
2022-2023,17722,8,16,537,8
2022-2023,08003,1,1,33,1
2022-2023,09003,4,9,315,3
2022-2023,13803,2,8,302,2
2022-2023,05499,5,8,295,5
2022-2023,24073,6,9,284,6
2022-2023,07458,7,15,496,5
2022-2023,24422,388,390,2336,6
2022-2023,31029,61,105,3409,23
2022-2023,17894,72,76,2566,11
2022-2023,31046,8,8,50,3
2022-2023,04671,29,77,2774,9
2022-2023,25130,15,26,741,14
2022-2023,24527,2,2,77,2
2022-2023,30361,5,11,419,4
2022-2023,07818,12,27,868,9
2022-2023,32086,23,42,1404,15
2022-2023,15015,27,47,1181,17
2022-2023,21871,71,72,473,5
2022-2023,32123,3,8,252,3
2022-2023,30235,4,7,223,3
2022-2023,11089,35,72,2439,17
2022-2023,03165,11,18,474,5
2022-2023,22011,358,359,3818,13
2022-2023,11716,5,5,110,5
2022-2023,20818,2,4,94,2
2022-2023,17091,12,32,941,9
2022-2023,11685,22,41,1395,13
2022-2023,16262,18,23,589,7
2022-2023,02055,3,6,225,2
2022-2023,27090,7,21,697,4
2022-2023,08036,17,43,1467,9
2022-2023,14588,14,21,689,12
2022-2023,25244,34,44,1157,10
2022-2023,09218,28,76,2804,16
2022-2023,12084,233,292,3236,32
2022-2023,31742,4,15,585,4
2022-2023,25209,29,48,1515,18
2022-2023,09458,5,12,243,5
2022-2023,13046,34,47,1379,23
2022-2023,12404,1,1,12,1
2022-2023,20229,23,52,1766,13
2022-2023,14319,5,9,305,4
2022-2023,23671,2,4,140,2
2022-2023,14037,25,51,1777,13
2022-2023,25300,5,9,282,4
2022-2023,20743,4,8,241,3
2022-2023,27297,15,50,1696,11
2022-2023,02340,8,11,335,6
2022-2023,24113,14,18,483,5
2022-2023,03853,14,33,611,13
2022-2023,11545,6,9,271,5
2022-2023,21209,20,50,1745,13
2022-2023,31464,615,657,7358,16
2022-2023,19953,2,6,199,2
2022-2023,09170,17,21,537,8
2022-2023,22350,2,4,167,2
2022-2023,02503,4,4,107,4
2022-2023,07697,159,159,1106,10
2022-2023,27104,46,69,2148,17
2022-2023,30724,11,12,446,10
2022-2023,22781,5,20,703,4
2022-2023,10488,3,6,96,3
2022-2023,15460,7,31,645,6
2022-2023,29408,4,5,175,4
2022-2023,08062,23,40,1054,12
2022-2023,30442,26,38,769,12
2022-2023,02751,7,12,379,5
2022-2023,03009,24,41,1385,10
2022-2023,28896,1,1,33,1
2022-2023,11566,10,18,623,10
2022-2023,02785,4,7,226,4
2022-2023,15169,52,75,2353,22
2022-2023,10541,5,13,460,4
2022-2023,22052,33,52,1730,22
2022-2023,09070,59,67,1549,27
2022-2023,05161,21,29,893,11
2022-2023,20868,1,1,36,1
2022-2023,27776,14,23,824,4
2022-2023,08570,2,2,58,2
2022-2023,20104,13,30,1037,11
2022-2023,13313,4,7,161,4
2022-2023,20247,85,224,8327,29
2022-2023,27056,9,21,658,8
2022-2023,08014,13,31,965,7
2022-2023,28312,27,38,1009,9
2022-2023,09593,12,18,441,8
2022-2023,08800,1,1,14,1
2022-2023,19657,12,21,612,10
2022-2023,04565,3,10,348,2
2022-2023,22721,12,29,1109,7
2022-2023,20025,1,2,68,1
2022-2023,19013,26,50,1367,14
2022-2023,16035,17,26,928,14
2022-2023,15889,17,34,991,9
2022-2023,22236,51,60,1794,21
2022-2023,21789,4,19,754,4
2022-2023,02880,26,26,465,3
2022-2023,02217,13,33,1226,12
2022-2023,31415,43,94,765,13
2022-2023,22001,5,13,368,4
2022-2023,31545,16,33,1101,14
2022-2023,26503,9,14,280,8
2022-2023,11415,3,6,177,3
2022-2023,05014,1,1,13,1
2022-2023,21770,6,18,676,5
2022-2023,13508,10,28,1010,4
2022-2023,19422,10,17,418,9
2022-2023,17705,89,106,2738,16
2022-2023,30008,23,30,529,12
2022-2023,10539,11,14,442,9
2022-2023,15937,17,62,2380,9
2022-2023,10246,81,119,4079,18
2022-2023,27333,16,32,1113,10
2022-2023,28818,7,9,225,5
2022-2023,22851,5,5,153,3
2022-2023,13811,3,3,100,2
2022-2023,22315,61,76,2330,25
2022-2023,03517,16,31,1043,7
2022-2023,01022,1,1,15,1
2022-2023,24007,64,143,4252,23
2022-2023,15039,13,22,746,5
2022-2023,18115,88,156,4790,19
2022-2023,09365,14,33,1219,13
2022-2023,06210,9,26,912,8
2022-2023,18233,26,55,1867,21
2022-2023,13044,8,11,284,7
2022-2023,02135,2,2,56,2
2022-2023,28310,19,37,1171,17
2022-2023,08119,45,72,2565,12
2022-2023,08333,182,360,10807,11
2022-2023,20176,30,61,1596,19
2022-2023,06048,7,21,193,6
2022-2023,02006,20,20,668,6
2022-2023,15411,5,11,340,3
2022-2023,30751,13,25,874,11
2022-2023,07015,7,27,995,5
2022-2023,02398,20,30,971,11
2022-2023,28303,15,29,687,11
2022-2023,02533,5,9,126,3
2022-2023,12047,103,157,5367,12
2022-2023,21850,31,44,1238,12
2022-2023,18030,4,5,136,4
2022-2023,31034,36,72,2328,13
2022-2023,31461,167,225,1548,14
2022-2023,15721,5,6,130,4
2022-2023,24128,41,63,2201,22
2022-2023,25285,16,35,1219,9
2022-2023,29138,15,38,1232,10
2022-2023,07157,11,26,960,9
2022-2023,20729,12,17,470,8
2022-2023,26525,7,7,189,7
2022-2023,25163,33,62,1990,12
2022-2023,22782,3,14,577,2
2022-2023,30004,12,19,557,8
2022-2023,17029,2,2,47,2
2022-2023,03480,1,2,50,1
2022-2023,30329,40,92,3253,24
2022-2023,27282,11,13,315,8
2022-2023,04736,1,1,21,1
2022-2023,14562,5,12,427,4
2022-2023,09021,2,3,85,2
2022-2023,24199,22,27,881,15
2022-2023,15675,15,47,1749,10
2022-2023,02538,2,2,66,2
2022-2023,26158,10,18,600,6
2022-2023,20164,38,69,1700,20
2022-2023,11378,7,17,674,5
2022-2023,31173,1,1,31,1
2022-2023,10807,7,8,187,4
2022-2023,13586,1,5,220,1
2022-2023,02554,3,5,121,2
2022-2023,29147,13,39,1295,10
2022-2023,29003,1,1,12,1
2022-2023,18379,11,18,565,8
2022-2023,07043,41,92,2719,20
2022-2023,12486,9,14,321,7
2022-2023,31739,4,9,289,4
2022-2023,11175,21,32,974,14
2022-2023,11181,11,33,1112,10
2022-2023,31169,10,13,223,3
2022-2023,10717,14,17,419,10
2022-2023,20555,3,6,184,3
2022-2023,24296,10,15,472,10
2022-2023,26191,4,8,249,4
2022-2023,10447,20,49,1638,6
2022-2023,02002,13,23,818,7
2022-2023,03712,13,19,439,3
2022-2023,25107,33,52,1775,19
2022-2023,15032,7,14,459,6
2022-2023,15024,11,20,630,6
2022-2023,30230,20,36,986,12
2022-2023,12195,8,37,1361,3
2022-2023,27114,12,20,699,11
2022-2023,10544,6,12,181,3
2022-2023,13874,5,15,549,4
2022-2023,05318,38,51,1415,10
2022-2023,29136,2,6,161,2
2022-2023,02580,44,73,2388,20
2022-2023,24229,68,104,3438,28
2022-2023,07223,13,35,1276,8
2022-2023,02725,3,3,112,3
2022-2023,12456,9,18,469,6
2022-2023,26187,838,1683,15538,20
2022-2023,24014,23,66,2240,12
2022-2023,24027,2280,2617,30997,15
2022-2023,13433,1,1,17,1
2022-2023,31685,3,3,18,3
2022-2023,27340,1,6,229,1
2022-2023,02934,1,2,82,1
2022-2023,24019,41,93,2907,13
2022-2023,19618,14,27,619,6
2022-2023,02494,4,11,408,4
2022-2023,15516,17,27,888,12
2022-2023,32456,5,38,796,4
2022-2023,03523,2,5,184,2
2022-2023,15726,26,53,1974,19
2022-2023,06390,19,25,773,9
2022-2023,01450,4,4,79,3
2022-2023,02527,1,1,2,1
2022-2023,03406,18,18,302,13
2022-2023,31730,4,9,302,4
2022-2023,26017,110,113,1143,10
2022-2023,26707,2,5,191,2
2022-2023,27014,2,4,103,2
2022-2023,29036,2,4,133,1
2022-2023,27155,14,27,786,3
2022-2023,10518,1,2,78,1
2022-2023,17002,6,19,763,5
2022-2023,01063,27,32,1140,16
2022-2023,01015,84,121,3434,13
2022-2023,24385,2,5,176,2
2022-2023,24125,4,19,776,4
2022-2023,30085,35,63,1959,12
2022-2023,19678,10,27,836,6
2022-2023,20102,57,90,2947,26
2022-2023,27123,12,20,616,5
2022-2023,12540,460,521,14674,14
2022-2023,25020,7,16,473,7
2022-2023,24539,4,12,476,4
2022-2023,01325,24,30,943,8
2022-2023,20160,8,20,682,4
2022-2023,10598,9,51,2050,7
2022-2023,28402,84,148,890,3
2022-2023,31055,28,73,2457,11
2022-2023,17445,32,32,379,5
2022-2023,22760,14,30,1028,11
2022-2023,20187,28,72,2508,13
2022-2023,01658,3,3,69,3
2022-2023,11194,9,40,1391,5
2022-2023,30150,22,44,1604,7
2022-2023,14147,13,27,938,11
2022-2023,02710,4,5,120,4
2022-2023,10374,2,3,115,2
2022-2023,29243,44,67,1747,9
2022-2023,17333,6,7,270,5
2022-2023,32383,17,48,1515,9
2022-2023,02158,36,52,1536,12
2022-2023,15131,10,25,901,10
2022-2023,21188,4,13,433,2
2022-2023,10206,13,19,408,9
2022-2023,22194,17,40,1408,12
2022-2023,28884,2,2,24,2
2022-2023,32145,8,21,624,6
2022-2023,15497,2,9,339,2
2022-2023,24421,57,87,2480,15
2022-2023,22119,30,43,1274,10
2022-2023,29355,12,28,959,9
2022-2023,12066,134,157,5170,17
2022-2023,09415,1,2,43,1
2022-2023,03829,1,1,39,1
2022-2023,16308,24,56,1671,18
2022-2023,01539,36,66,2323,18
2022-2023,30070,43,100,3347,19
2022-2023,28743,5,9,314,4
2022-2023,09505,2,4,123,2
2022-2023,03785,20,26,766,14
2022-2023,02776,14,26,809,11
2022-2023,17061,28,56,2003,13
2022-2023,31097,1,1,12,1
2022-2023,03852,4,10,325,4
2022-2023,05154,4,5,108,4
2022-2023,03075,14,31,985,8
2022-2023,12234,61,107,3275,7
2022-2023,21014,9,26,927,5
2022-2023,32554,5,29,1160,2
2022-2023,08131,21,49,1588,12
2022-2023,28487,4,4,41,4
2022-2023,07598,6,19,714,2
2022-2023,21861,28,29,824,15
2022-2023,11529,9,11,430,7
2022-2023,32291,1,1,28,1
2022-2023,31056,26,52,1808,12
2022-2023,24755,11,11,98,1
2022-2023,03455,6,14,376,4
2022-2023,08023,2,2,58,2
2022-2023,18727,7,18,635,6
2022-2023,07334,4,9,247,3
2022-2023,18276,21,38,923,11
2022-2023,21760,9,17,634,7
2022-2023,10085,16,24,421,3
2022-2023,02053,17,44,1762,9
2022-2023,27223,12,17,366,6
2022-2023,08413,8,19,661,6
2022-2023,11108,32,70,2440,11
2022-2023,02760,10,20,558,9
2022-2023,16005,11,20,563,10
2022-2023,02799,3,9,159,3
2022-2023,27490,14,23,647,12
2022-2023,12458,55,80,2617,15
2022-2023,14963,1,6,244,1
2022-2023,11703,8,12,382,5
2022-2023,28597,3,9,327,3
2022-2023,20875,15,58,2212,12
2022-2023,11509,2,6,212,2
2022-2023,20553,13,13,353,4
2022-2023,27124,37,109,3857,23
2022-2023,09028,64,128,4382,15
2022-2023,30738,2,6,242,2
2022-2023,18272,19,46,1263,17
2022-2023,16563,9,17,638,8
2022-2023,31414,7,13,313,5
2022-2023,02835,15,18,551,9
2022-2023,16267,6,12,340,3
2022-2023,24742,2,3,92,2
2022-2023,13687,20,33,977,14
2022-2023,22109,39,92,3041,15
2022-2023,31025,108,108,1772,5
2022-2023,15879,2,2,18,2
2022-2023,31492,15,22,520,10
2022-2023,15404,115,201,6717,23
2022-2023,26208,34,90,3143,24
2022-2023,23599,25,34,1219,17
2022-2023,16627,14,27,949,12
2022-2023,31908,102,104,1825,14
2022-2023,18567,6,12,346,5
2022-2023,19279,14,26,847,10
2022-2023,27253,11,13,430,8
2022-2023,07065,15,36,988,7
2022-2023,24071,6,16,621,4
2022-2023,25200,28,38,879,15
2022-2023,16335,10,30,884,7
2022-2023,24066,15,27,696,7
2022-2023,27314,3,7,259,2
2022-2023,26513,283,290,5905,14
2022-2023,04404,103,147,4328,18
2022-2023,16564,12,14,461,6
2022-2023,25079,20,58,2154,15
2022-2023,28511,17,26,884,13
2022-2023,28600,37,37,333,2
2022-2023,22700,3,4,110,2
2022-2023,14547,1,2,80,1
2022-2023,24024,1,2,50,1
2022-2023,23460,1,3,100,1
2022-2023,08015,6,6,166,6
2022-2023,25281,7,14,444,5
2022-2023,16568,7,17,600,5
2022-2023,23401,4,7,214,4
2022-2023,09449,25,31,692,10
2022-2023,12251,3,10,275,2
2022-2023,10023,17,35,765,5
2022-2023,10344,32,32,738,19
2022-2023,17862,36,42,629,10
2022-2023,31020,27,43,1372,14
2022-2023,10460,1,2,21,1
2022-2023,10159,65,67,1856,14
2022-2023,31649,225,259,4860,10
2022-2023,20030,5,17,608,3
2022-2023,21690,8,26,934,7
2022-2023,16081,22,24,788,14
2022-2023,30778,2,18,770,1
2022-2023,10540,6,8,204,5
2022-2023,24409,12,16,315,4
2022-2023,03452,10,13,401,6
2022-2023,26993,2,2,15,2
2022-2023,31011,9,13,373,7
2022-2023,02042,53,53,1587,12
2022-2023,20810,3,6,140,3
2022-2023,03384,6,14,435,5
2022-2023,19677,13,13,369,4
2022-2023,09163,37,54,1598,12
2022-2023,26817,3,4,91,3
2022-2023,06052,6,26,403,4
2022-2023,07155,7,11,230,5
2022-2023,07052,4,8,211,3
2022-2023,25720,6,18,649,6
2022-2023,02089,10,10,290,7
2022-2023,07401,6,12,427,6
2022-2023,30204,9,23,669,6
2022-2023,27302,7,9,295,5
2022-2023,24087,33,53,1621,17
2022-2023,20784,10,11,230,8
2022-2023,08100,6,12,344,6
2022-2023,13003,7,10,329,6
2022-2023,19214,53,76,2431,33
2022-2023,20802,2,3,103,2
2022-2023,21801,3,3,117,1
2022-2023,31080,27,58,859,8
2022-2023,11270,12,24,741,9
2022-2023,13875,7,14,517,7
2022-2023,13011,290,314,11412,12
2022-2023,11741,1,2,66,1
2022-2023,29268,32,57,1749,14
2022-2023,05534,2,6,189,2
2022-2023,31013,68,118,3934,14
2022-2023,14017,19,28,785,18
2022-2023,28069,7,15,292,5
2022-2023,06324,2,4,119,2
2022-2023,23363,12,19,459,10
2022-2023,07029,18,36,1321,12
2022-2023,03448,9,24,726,8
2022-2023,13287,3,6,198,3
2022-2023,24058,29,53,1984,17
2022-2023,32377,1,3,90,1
2022-2023,03076,1,3,116,1
2022-2023,30228,6,15,581,5
2022-2023,31508,36,38,545,11
2022-2023,10016,1,2,55,1
2022-2023,21655,4,6,168,3
2022-2023,06187,42,79,2692,24
2022-2023,24802,1,2,60,1
2022-2023,12027,1,1,34,1
2022-2023,25194,10,29,1026,9
2022-2023,31509,248,361,5520,35
2022-2023,07454,50,50,1400,1
2022-2023,25214,30,43,1166,19
2022-2023,05085,28,50,1781,21
2022-2023,13093,18,37,453,6
2022-2023,31068,7,14,400,7
2022-2023,15261,16,20,578,13
2022-2023,08448,19,39,1318,13
2022-2023,27651,23,53,2000,13
2022-2023,15556,3,16,448,1
2022-2023,07551,6,10,265,5
2022-2023,21225,20,79,2650,18
2022-2023,22017,24,47,1669,2
2022-2023,26460,5,13,344,4
2022-2023,02116,4,4,113,2
2022-2023,24744,10,10,252,9
2022-2023,29409,2,10,433,2
2022-2023,14297,10,28,1016,10
2022-2023,02267,27,49,1682,13
2022-2023,07644,5,5,22,2
2022-2023,23327,8,22,716,8
2022-2023,08497,2,3,77,2
2022-2023,27197,14,26,603,7
2022-2023,10008,42,69,2237,14
2022-2023,30148,17,31,1026,8
2022-2023,05194,42,89,2594,6
2022-2023,11370,11,26,836,6
2022-2023,12061,4,8,210,4
2022-2023,06765,6,11,383,3
2022-2023,11465,2964,3281,29487,31
2022-2023,20127,30,41,1336,12
2022-2023,26074,23,57,1828,14
2022-2023,28121,26,62,2142,14
2022-2023,31065,35,57,1266,22
2022-2023,26026,8,20,769,4
2022-2023,31010,9,10,260,8
2022-2023,11689,2,2,20,2
2022-2023,13282,94,158,4788,18
2022-2023,02051,15,24,796,11
2022-2023,19687,13,17,477,10
2022-2023,21765,4,10,359,4
2022-2023,14449,1,5,187,1
2022-2023,25242,6,8,235,2
2022-2023,11087,3,6,149,2
2022-2023,09413,4,13,423,3
2022-2023,30291,2,4,134,1
2022-2023,24277,12,26,486,10
2022-2023,31098,1,1,29,1
2022-2023,09471,12,26,893,10
2022-2023,11399,1,1,30,1
2022-2023,26315,12,28,899,11
2022-2023,31023,17,35,1277,10
2022-2023,19171,5,6,161,5
2022-2023,18480,1,1,12,1
2022-2023,21907,718,799,9527,40
2022-2023,02059,14,31,1078,6
2022-2023,02666,2,4,151,2
2022-2023,31030,39,76,2636,12
2022-2023,15038,19,22,518,5
2022-2023,28680,14,24,836,9
2022-2023,21756,2,3,89,2
2022-2023,13754,17,25,645,15
2022-2023,08465,3,9,338,3
2022-2023,31031,32,45,1389,16
2022-2023,21894,364,368,1344,15
2022-2023,10654,71,179,6982,32
2022-2023,09419,11,20,668,10
2022-2023,28018,15,45,1614,9
2022-2023,27318,22,28,916,19
2022-2023,10614,1,1,31,1
2022-2023,07002,2,5,160,2
2022-2023,26221,24,45,1443,14
2022-2023,17382,8,12,391,7
2022-2023,09466,8,15,489,6
2022-2023,24731,2,3,94,2
2022-2023,01020,21,22,690,8
2022-2023,14414,42,60,1766,26
2022-2023,08375,1,2,55,1
2022-2023,02846,4,6,172,4
2022-2023,28349,7,16,570,6
2022-2023,21288,50,88,2907,31
2022-2023,17246,1,1,10,1
2022-2023,12511,9,19,563,7
2022-2023,15088,6,12,306,5
2022-2023,10732,1,1,22,1
2022-2023,11674,2,2,34,2
2022-2023,07492,3,5,114,3
2022-2023,19664,1,2,52,1
2022-2023,10731,4,6,184,4
2022-2023,11552,3,9,353,3
2022-2023,07388,6,24,891,4
2022-2023,12013,96,96,1139,3
2022-2023,22533,3,5,147,3
2022-2023,02040,27,40,1383,11
2022-2023,20042,5,5,51,2
2022-2023,16688,11,12,314,8
2022-2023,23644,29,104,4111,10
2022-2023,04016,115,143,1958,20
2022-2023,27718,2,9,391,2
2022-2023,07584,1,2,50,1
2022-2023,06132,11,24,197,4
2022-2023,28284,25,49,1583,14
2022-2023,24715,3,5,164,3
2022-2023,09055,20,21,522,7
2022-2023,06749,1,2,63,1
2022-2023,10628,2,6,210,1
2022-2023,16464,3,6,122,3
2022-2023,25460,1,2,22,1
2022-2023,31049,36,111,4266,17
2022-2023,27261,5,5,138,5
2022-2023,09177,2,3,100,2
2022-2023,10080,2,2,66,2
2022-2023,02281,2,6,240,2
2022-2023,10351,11,32,1055,6
2022-2023,07049,60,121,3954,13
2022-2023,08367,13,32,928,11
2022-2023,18576,8,15,547,7
2022-2023,18114,12,38,1111,8
2022-2023,15029,24,36,1261,13
2022-2023,02699,17,22,493,10
2022-2023,27210,11,18,665,9
2022-2023,08635,6,7,211,6
2022-2023,16489,2,2,32,1
2022-2023,15371,2,2,38,2
2022-2023,24457,9,11,251,7
2022-2023,29405,15,20,238,8
2022-2023,17249,26,73,2364,14
2022-2023,02310,67,67,724,11
2022-2023,29339,7,24,866,7
2022-2023,08130,9,13,383,9
2022-2023,21216,7,7,42,1
2022-2023,07018,21,40,1199,16
2022-2023,10081,20,58,2122,11
2022-2023,29134,35,53,1480,10
2022-2023,27021,1,5,121,1
2022-2023,30577,11,14,514,3
2022-2023,26674,4,6,195,4
2022-2023,27065,14,33,859,9
2022-2023,30013,3,6,144,3
2022-2023,31684,44,50,1192,6
2022-2023,02370,2,4,110,2
2022-2023,07465,11,27,981,6
2022-2023,12044,16,16,535,13
2022-2023,08377,7,7,180,7
2022-2023,17289,11,28,641,7
2022-2023,30149,14,22,772,10
2022-2023,26769,1,1,16,1
2022-2023,20220,5,15,529,4
2022-2023,27043,20,38,1410,10
2022-2023,17316,4,9,310,4
2022-2023,04678,40,47,1594,6
2022-2023,12450,6,15,208,3
2022-2023,17570,3,8,298,3
2022-2023,17685,6,18,605,6
2022-2023,30145,27,59,2109,12
2022-2023,27106,4,12,360,4
2022-2023,19764,2,4,118,2
2022-2023,20711,7,30,1205,4
2022-2023,02884,99,99,1749,1
2022-2023,12419,62,72,2026,27
2022-2023,08301,13,21,689,11
2022-2023,13054,17,21,402,7
2022-2023,25169,20,25,956,17
2022-2023,01064,13,17,465,11
2022-2023,23165,2,4,81,2
2022-2023,22527,5,6,193,5
2022-2023,27004,5,5,99,4
2022-2023,18736,13,25,786,9
2022-2023,02526,33,54,1906,16
2022-2023,09443,8,26,820,5
2022-2023,20869,3,18,781,2
2022-2023,06278,28,28,712,9
2022-2023,25193,18,28,774,8
2022-2023,19639,4,9,261,4
2022-2023,14465,1,2,7,1
2022-2023,02124,26,26,743,14
2022-2023,28797,2,4,149,1
2022-2023,26098,9,17,473,6
2022-2023,02198,12,12,377,2
2022-2023,09219,3,8,239,2
2022-2023,07688,2,3,91,2
2022-2023,15705,1,1,39,1
2022-2023,11180,24,50,1679,18
2022-2023,10485,1,3,70,1
2022-2023,21746,4,13,525,2
2022-2023,02990,1,2,49,1
2022-2023,18465,37,38,766,4
2022-2023,26266,32,47,1407,23
2022-2023,28287,7,16,601,6
2022-2023,21741,7,10,292,4
2022-2023,02414,23,23,380,2
2022-2023,21682,19,21,546,10
2022-2023,02343,6,8,262,4
2022-2023,31058,25,38,980,15
2022-2023,29033,46,81,2587,15
2022-2023,30222,22,47,1750,11
2022-2023,30769,2,3,110,2
2022-2023,08410,1,1,15,1
2022-2023,12098,4,7,242,4
2022-2023,09204,36,73,2276,21
2022-2023,27445,389,489,4426,12
2022-2023,30685,3,5,135,1
2022-2023,27232,71,129,4255,24
2022-2023,01867,1,4,132,1
2022-2023,15004,22,24,776,5
2022-2023,24305,32,44,1104,10
2022-2023,31507,514,706,9710,17
2022-2023,02968,34,34,238,1
2022-2023,31760,11,12,315,10
2022-2023,17403,26,26,374,4
2022-2023,06128,18,28,364,6
2022-2023,17189,20,119,4833,7
2022-2023,09173,8,12,319,8
2022-2023,17574,6,15,524,6
2022-2023,07601,3,7,222,3
2022-2023,02151,20,44,1501,13
2022-2023,19345,16,49,1848,8
2022-2023,12196,5,15,580,5
2022-2023,04155,68,136,4556,1
2022-2023,31045,51,54,1203,20
2022-2023,23284,6,9,272,6
2022-2023,11505,12,13,425,11
2022-2023,03145,46,54,1390,20
2022-2023,20858,9,13,373,9
2022-2023,08517,9,13,373,8
2022-2023,20200,14,25,777,11
2022-2023,18066,8,22,687,8
2022-2023,23522,2,4,89,2
2022-2023,30017,27,51,1703,17
2022-2023,05031,8,12,424,4
2022-2023,24687,5,10,279,5
2022-2023,04469,2,3,64,2
2022-2023,17623,17,17,423,10
2022-2023,17544,1,2,55,1
2022-2023,05004,5,10,329,3
2022-2023,10279,12,22,661,8
2022-2023,22707,9,15,503,8
2022-2023,15859,9,29,1063,8
2022-2023,27308,7,7,198,6
2022-2023,17688,11,20,611,10
2022-2023,21344,3,3,78,2
2022-2023,28050,8,16,513,5
2022-2023,17006,26,107,4084,9
2022-2023,11729,1,3,109,1
2022-2023,31064,6,8,119,5
2022-2023,26446,7,7,146,3
2022-2023,06462,2,2,20,2
2022-2023,04121,23,44,695,10
2022-2023,15430,43,46,1147,8
2022-2023,11561,10,21,723,6
2022-2023,31720,2,3,108,2
2022-2023,30084,6,8,179,6
2022-2023,20702,1,2,56,1
2022-2023,23003,3,3,57,3
2022-2023,11732,13,29,901,10
2022-2023,11570,19,35,1168,10
2022-2023,22198,5,11,313,2
2022-2023,08071,6,14,450,5
2022-2023,02431,34,34,374,1
2022-2023,25029,26,40,1291,20
2022-2023,28182,8,13,373,8
2022-2023,30321,30,30,1050,8
2022-2023,12006,12,19,727,6
2022-2023,28157,8,10,303,5
2022-2023,15094,42,96,3498,13
2022-2023,02814,1,2,2,1
2022-2023,02701,4,5,89,4
2022-2023,19158,34,58,1944,7
2022-2023,09229,10,25,564,5
2022-2023,28695,10,13,294,5
2022-2023,23848,8,21,893,5
2022-2023,21303,11,40,1563,6
2022-2023,28354,18,30,761,10
2022-2023,15896,1,2,73,1
2022-2023,02730,26,26,575,8
2022-2023,29270,26,64,1970,21
2022-2023,31985,9,9,206,7
2022-2023,29569,11,30,964,10
2022-2023,20205,47,109,3943,36
2022-2023,21215,20,57,2153,8
2022-2023,16669,36,61,2177,25
2022-2023,31041,12,18,595,7
2022-2023,09274,11,18,578,9
2022-2023,10664,4,6,54,2
2022-2023,12383,6,8,221,6
2022-2023,01422,24,29,953,4
2022-2023,19224,15,18,258,6
2022-2023,15839,7,19,457,5
2022-2023,28488,2,2,58,2
2022-2023,07560,3,11,430,3
2022-2023,21153,25,62,2076,17
2022-2023,22417,2,4,90,2
2022-2023,18268,4,12,404,4
2022-2023,24061,28,78,2618,14
2022-2023,19159,34,67,2109,19
2022-2023,21253,46,90,2795,11
2022-2023,12242,9,20,633,7
2022-2023,31174,12,13,422,8
2022-2023,13270,25,27,458,8
2022-2023,02844,24,34,909,14
2022-2023,20748,5,7,219,3
2022-2023,24093,3,9,318,3
2022-2023,11016,5,5,189,5
2022-2023,01429,21,46,1716,9
2022-2023,22810,20,20,498,13
2022-2023,06028,8,8,182,5
2022-2023,30398,12,31,1006,6
2022-2023,13069,3,3,66,3
2022-2023,31086,11,24,802,8
2022-2023,29176,13,22,800,9
2022-2023,21900,3,6,219,3
2022-2023,28599,6,12,429,6
2022-2023,24022,44,50,658,10
2022-2023,23514,3,5,110,3
2022-2023,21506,2,2,45,2
2022-2023,06152,1,3,60,1
2022-2023,17539,2,5,198,2
2022-2023,12002,6,14,434,5
2022-2023,21226,36,93,2973,26
2022-2023,03713,6,7,204,5
2022-2023,25521,30,31,1113,24
2022-2023,26003,7,20,617,2
2022-2023,06349,1,3,95,1
2022-2023,09339,5,10,371,5
2022-2023,18569,20,20,615,12
2022-2023,10094,15,15,336,10
2022-2023,11476,19,20,490,14
2022-2023,24012,69,71,2084,16
2022-2023,15295,19,22,576,11
2022-2023,10704,1,2,46,1
2022-2023,14318,38,70,2150,29
2022-2023,21470,1,3,52,1
2022-2023,27319,14,29,1041,11
2022-2023,28662,8,13,315,6
2022-2023,02111,17,23,724,11
2022-2023,13446,4,5,129,3
2022-2023,08706,10,11,318,9
2022-2023,12531,7,17,414,2
2022-2023,08138,3,13,538,2
2022-2023,20517,1,4,150,1
2022-2023,14300,1,2,46,1
2022-2023,06004,59,89,1343,2
2022-2023,02809,3,11,430,2
2022-2023,25001,5,11,361,5
2022-2023,14646,4,11,199,3
2022-2023,24716,2,4,130,2
2022-2023,20201,18,58,2277,11
2022-2023,02568,8,11,217,4
2022-2023,18235,1,4,139,1
2022-2023,11021,30,53,1710,11
2022-2023,07480,7,9,205,4
2022-2023,02692,173,185,6025,16
2022-2023,25154,42,51,1654,19
2022-2023,08489,2,4,128,2
2022-2023,30069,32,66,2268,19
2022-2023,20738,7,7,165,3
2022-2023,20971,20,27,766,18
2022-2023,30787,4,5,166,2
2022-2023,09035,11,19,515,5
2022-2023,10264,6,9,336,4
2022-2023,26159,30,33,1128,12
2022-2023,30112,18,33,1096,17
2022-2023,30234,4,9,285,3
2022-2023,28175,35,74,2511,15
2022-2023,25165,74,96,2919,16
2022-2023,31008,12,13,401,9
2022-2023,31511,45,49,1177,3
2022-2023,29038,5,12,408,4
2022-2023,15668,1,1,25,1
2022-2023,17241,18,23,611,8
2022-2023,11121,16,25,755,9
2022-2023,30076,14,25,870,9
2022-2023,15890,9,17,575,7
2022-2023,32538,8,25,958,4
2022-2023,05092,19,19,491,19
2022-2023,27564,5,5,152,5
2022-2023,15760,13,13,403,9
2022-2023,09252,3,5,162,2
2022-2023,15563,7,9,220,7
2022-2023,06366,4,8,245,4
2022-2023,11458,39,40,819,20
2022-2023,07259,50,136,4801,8
2022-2023,24016,16,35,1139,3
2022-2023,29034,12,34,1133,7
2022-2023,21445,67,79,1736,11
2022-2023,24028,7,9,224,5
2022-2023,27105,27,38,1095,17
2022-2023,25164,24,33,726,16
2022-2023,06209,3,7,264,3
2022-2023,29017,8,16,505,4
2022-2023,20500,10,10,302,8
2022-2023,26188,17,31,1061,8
2022-2023,24049,36,68,2393,11
2022-2023,09724,2,2,66,2
2022-2023,06068,2,6,200,2
2022-2023,24307,10,19,496,5
2022-2023,14196,2,3,87,2
2022-2023,02461,2,6,200,2
2022-2023,20488,34,53,1459,11
2022-2023,08107,6,17,630,4
2022-2023,04657,1,2,16,1
2022-2023,15569,1,2,44,1
2022-2023,22206,54,82,2699,18
2022-2023,31096,8,16,585,2
2022-2023,25241,2,2,59,2
2022-2023,31006,26,45,1289,13
2022-2023,16008,1,7,295,1
2022-2023,07434,5,9,216,5
2022-2023,15481,3,5,63,2
2022-2023,31004,22,47,1164,11
2022-2023,18581,2,4,156,2
2022-2023,23684,4,13,429,1
2022-2023,21424,1,1,9,1
2022-2023,31453,79,79,856,4
2022-2023,11532,6,13,372,4
2022-2023,31078,35,37,801,18
2022-2023,08075,12,33,1289,9
2022-2023,20163,23,59,1645,16
2022-2023,10095,33,94,3242,15
2022-2023,11189,5,16,366,5
2022-2023,16681,3,10,292,3
2022-2023,32384,27,45,1054,20
2022-2023,13414,6,8,185,5
2022-2023,26390,9,13,311,8
2022-2023,24330,14,18,473,7
2022-2023,22286,344,473,5436,27
2022-2023,27254,22,32,884,13
2022-2023,10075,1,1,8,1
2022-2023,10056,34,62,2122,12
2022-2023,24088,28,52,1812,17
2022-2023,02706,5,5,148,5
2022-2023,10363,3,5,157,3
2022-2023,29462,6,16,563,6
2022-2023,29251,17,23,690,13
2022-2023,29016,2,5,82,2
2022-2023,29006,4,11,329,4
2022-2023,28080,89,245,4726,16
2022-2023,06223,2,4,122,2
2022-2023,01420,1,2,45,1
2022-2023,12632,6,24,962,3
2022-2023,10386,16,19,514,9
2022-2023,10489,8,13,380,7
2022-2023,31704,8,19,641,8
2022-2023,09543,6,7,183,4
2022-2023,16004,5,10,350,5
2022-2023,07486,2,5,188,1
2022-2023,20264,9,13,338,8
2022-2023,31003,88,102,3101,28
2022-2023,26456,2,4,108,1
2022-2023,28117,25,58,2038,16
2022-2023,24081,26,57,1934,15
2022-2023,25927,8,8,38,2
2022-2023,13301,4,10,335,3
2022-2023,09516,12,33,917,11
2022-2023,05383,11,21,570,9
2022-2023,11588,3,6,193,3
2022-2023,17668,3,4,122,3
2022-2023,21177,43,102,3764,19
2022-2023,10205,29,29,725,7
2022-2023,31051,69,86,1965,25
2022-2023,27724,8,9,277,7
2022-2023,08454,7,24,919,5
2022-2023,04096,16,21,438,13
2022-2023,31168,3,4,115,2
2022-2023,19557,7,13,382,7
2022-2023,10118,10,19,641,8
2022-2023,25024,48,98,3261,13
2022-2023,13691,4,6,193,4
2022-2023,18701,7,12,511,6
2022-2023,20798,6,21,820,5
2022-2023,29035,16,25,747,9
2022-2023,16628,67,105,3089,33
2022-2023,03861,16,17,368,12
2022-2023,29337,5,20,745,4
2022-2023,10086,61,107,3454,17
2022-2023,22078,6,17,630,5
2022-2023,24560,6,18,595,4
2022-2023,26205,17,25,796,12
2022-2023,23414,1,2,70,1
2022-2023,19658,4,16,469,3
2022-2023,30384,14,27,796,10
2022-2023,11725,2,4,116,2
2022-2023,28055,7,22,742,5
2022-2023,28161,23,45,1482,8
2022-2023,13369,2,5,145,2
2022-2023,27047,13,24,818,12
2022-2023,02031,8,30,1182,6
2022-2023,31452,17,28,660,11
2022-2023,17357,3,9,336,3
2022-2023,31802,13,14,343,12
2022-2023,27045,19,44,1138,13
2022-2023,22361,59,88,2628,18
2022-2023,12937,1,1,33,1
2022-2023,21238,3,4,126,2
2022-2023,10054,7,15,490,7
2022-2023,20005,1,2,56,1
2022-2023,17933,2,10,370,2
2022-2023,29037,24,68,2344,18
2022-2023,31061,36,90,2667,15
2022-2023,19036,10,11,280,7
2022-2023,31132,8,23,709,5
2022-2023,29192,12,56,2007,9
2022-2023,22197,91,91,2486,15
2022-2023,28407,3,4,52,3
2022-2023,13587,5,6,194,3
2022-2023,04146,2,4,113,2
2022-2023,20015,30,60,1789,2
2022-2023,28139,18,26,707,12
2022-2023,31422,260,260,4373,12
2022-2023,19065,22,62,2044,18
2022-2023,26505,11,16,547,10
2022-2023,14132,23,40,1159,7
2022-2023,19935,6,28,1001,6
2022-2023,27183,44,71,2123,28
2022-2023,11105,16,46,1728,2
2022-2023,03736,17,20,544,13
2022-2023,31718,3,7,235,2
2022-2023,31047,56,94,2722,27
2022-2023,23687,3,6,210,2
2022-2023,23467,3,8,290,2
2022-2023,22790,14,40,1551,8
2022-2023,17528,15,16,452,6
2022-2023,07030,7,17,522,6
2022-2023,14614,8,12,385,8
2022-2023,29356,2,5,180,2
2022-2023,32075,20,23,621,5
2022-2023,17551,2,8,289,2
2022-2023,17034,4,6,147,4
2022-2023,09199,16,34,1168,7
2022-2023,16026,5,8,261,5
2022-2023,22791,9,18,573,8
2022-2023,07617,12,33,1122,8
2022-2023,13439,6,7,132,6
2022-2023,18578,1,1,17,1
2022-2023,17495,1,2,81,1
2022-2023,22062,3,6,158,2
2022-2023,11739,3,4,148,2
2022-2023,24700,7,15,484,6
2022-2023,22689,3,5,147,3
2022-2023,02572,1,1,44,1
2022-2023,27137,28,136,5629,14
2022-2023,14034,27,50,1591,21
2022-2023,10027,183,187,2750,10
2022-2023,09294,10,21,464,8
2022-2023,19218,9,28,962,6
2022-2023,09088,1,1,41,1
2022-2023,27895,1,3,121,1
2022-2023,20105,6,10,240,2
2022-2023,07277,13,32,1126,9
2022-2023,20485,7,14,383,5
2022-2023,05197,76,83,2307,6
2022-2023,07449,2,2,38,2
2022-2023,14007,16,28,1032,11
2022-2023,29443,8,31,574,6
2022-2023,27317,33,81,2926,17
2022-2023,02393,1,5,214,1
2022-2023,28160,31,59,1878,17
2022-2023,24740,1,3,129,1
2022-2023,06153,1,1,40,1
2022-2023,05365,2,5,161,2
2022-2023,26443,9,9,207,3
2022-2023,05684,2,6,224,2
2022-2023,28082,5,11,383,4
2022-2023,25661,11,16,443,10
2022-2023,03669,26,29,760,12
2022-2023,21893,7,10,177,6
2022-2023,09014,44,65,2142,6
2022-2023,05200,6,10,337,5
2022-2023,02418,6,7,225,5
2022-2023,16457,3,3,63,3
2022-2023,17532,6,14,449,6
2022-2023,10306,197,286,8013,11
2022-2023,26046,20,39,1128,12
2022-2023,25501,7,12,320,7
2022-2023,31042,39,126,4624,18
2022-2023,31092,10,11,181,6
2022-2023,04102,1,2,19,1
2022-2023,30476,33,33,165,5
2022-2023,30171,8,16,487,6
2022-2023,11097,10,26,943,6
2022-2023,25237,21,107,4178,6
2022-2023,03475,10,18,477,2
2022-2023,31022,45,77,2501,16
2022-2023,22599,1,1,28,1
2022-2023,08048,1,7,240,1
2022-2023,20816,11,30,1123,10
2022-2023,22255,10,41,1647,6
2022-2023,31035,32,53,1590,14
2022-2023,21565,9,13,333,9
2022-2023,15014,2,7,275,2
2022-2023,26031,34,62,2089,17
2022-2023,21772,1,4,150,1
2022-2023,19510,3,3,73,3
2022-2023,10045,9,16,492,5
2022-2023,29195,14,21,682,8
2022-2023,10280,28,70,2336,19
2022-2023,03862,2,4,144,1
2022-2023,20192,20,29,755,16
2022-2023,31902,52,71,1801,18
2022-2023,27515,22,40,1367,16
2022-2023,31547,22,28,815,17
2022-2023,31048,31,55,1338,16
2022-2023,02818,6,8,281,5
2022-2023,10533,21,31,1069,16
2022-2023,22278,14,17,518,11
2022-2023,15684,7,10,328,7
2022-2023,22234,18,35,1259,12
2022-2023,18588,6,12,390,6
2022-2023,17353,26,33,967,25
2022-2023,08001,12,22,763,9
2022-2023,21101,24,58,2002,10
2022-2023,10007,22,30,1005,11
2022-2023,08730,1,1,36,1
2022-2023,31085,11,13,301,6
2022-2023,03809,8,13,378,7
2022-2023,26173,65,79,2465,13
2022-2023,30901,7,8,132,7
2022-2023,24811,7,11,372,6
2022-2023,29743,3,4,138,3
2022-2023,24418,5,6,227,5
2022-2023,17711,1,2,53,1
2022-2023,02177,3,6,122,3
2022-2023,29118,5,8,276,4
2022-2023,04486,2,4,82,1
2022-2023,14761,1,1,11,1
2022-2023,10497,3,7,200,2
2022-2023,20446,13,18,227,8
2022-2023,11103,39,64,1777,13
2022-2023,30050,3,9,230,3
2022-2023,30011,36,81,2932,23
2022-2023,06009,8,33,1154,5
2022-2023,31053,37,59,1744,18
2022-2023,10553,12,19,593,11
2022-2023,24467,1,2,43,1
2022-2023,19502,3,3,110,3
2022-2023,25185,17,50,1844,8
2022-2023,31033,4,10,329,4
2022-2023,08711,3,5,154,3
2022-2023,26001,18,33,1216,14
2022-2023,10091,12,15,422,2
2022-2023,28217,37,98,3566,25
2022-2023,18366,4,9,311,4
2022-2023,17460,27,30,206,2
2022-2023,14435,40,41,813,9
2022-2023,10444,1,2,39,1
2022-2023,28014,4,4,101,4
2022-2023,09490,2,4,151,2
2022-2023,13569,1,1,17,1
2022-2023,05755,1,2,63,1
2022-2023,02174,14,24,851,5
2022-2023,18135,9,16,542,7
2022-2023,06189,35,49,856,8
2022-2023,11255,1,3,94,1
2022-2023,02537,87,87,174,1
2022-2023,29005,1,1,13,1
2022-2023,13256,32,38,1111,11
2022-2023,03711,1,1,16,1
2022-2023,02870,4,8,229,3
2022-2023,20204,14,27,815,9
2022-2023,06103,12,36,1267,5
2022-2023,17010,5,19,688,5
2022-2023,27011,5,5,95,5
2022-2023,11355,5,16,587,3
2022-2023,06373,9,17,690,4
2022-2023,21725,6,12,379,4
2022-2023,10244,5,10,336,3
2022-2023,27108,25,42,1423,7
2022-2023,25240,1,1,33,1
2022-2023,20048,9,28,1030,7
2022-2023,19907,4,12,370,4
2022-2023,32562,2,4,155,2
2022-2023,07794,24,25,519,10
2022-2023,08140,84,187,3883,10
2022-2023,10032,5,9,300,4
2022-2023,03084,32,56,1640,17
2022-2023,02871,4,5,155,4
2022-2023,05148,7,12,297,5
2022-2023,24110,126,228,7112,21
2022-2023,32793,1,3,98,1
2022-2023,06173,20,44,1483,11
2022-2023,21022,2,4,125,2
2022-2023,20310,3,5,129,2
2022-2023,10599,6,18,582,3
2022-2023,09639,3,6,195,3
2022-2023,22634,6,39,1490,6
2022-2023,31060,30,65,2232,16
2022-2023,03450,2,2,44,2
2022-2023,13492,17,34,1143,12
2022-2023,20728,3,13,528,2
2022-2023,04009,1,3,121,1
2022-2023,06311,1,2,50,1
2022-2023,15644,17,27,869,10
2022-2023,16243,11,22,665,8
2022-2023,15758,1,3,104,1
2022-2023,22014,56,80,1847,17
2022-2023,24750,7,7,207,6
2022-2023,10368,2,3,89,2
2022-2023,31719,34,34,881,15
2022-2023,31737,5,8,203,5
2022-2023,08123,24,56,2075,12
2022-2023,12447,14,25,864,10
2022-2023,18759,1,4,142,1
2022-2023,28770,5,13,488,5
2022-2023,02514,5,9,275,5
2022-2023,15478,24,46,1611,12
2022-2023,07638,2,5,169,2
2022-2023,25129,33,47,1548,13
2022-2023,20410,6,7,161,6
2022-2023,27320,3,5,190,2
2022-2023,26464,9,17,456,6
2022-2023,18633,6,15,482,5
2022-2023,27202,15,37,1235,13
2022-2023,30289,17,26,704,17
2022-2023,03013,11,11,225,6
2022-2023,06115,4,5,108,3
2022-2023,31099,1483,1702,17686,35
2022-2023,14471,1,1,27,1
2022-2023,22007,4,6,187,3
2022-2023,14450,6,18,561,5
2022-2023,02646,2,10,387,2
2022-2023,31404,4,4,63,2
2022-2023,17138,7,27,954,6
2022-2023,07586,6,11,370,4
2022-2023,27226,15,50,1970,10
2022-2023,06008,4,7,193,3
2022-2023,21007,1,1,9,1
2022-2023,11083,64,151,5308,18
2022-2023,03180,8,9,246,4
2022-2023,31067,19,32,1042,12
2022-2023,11737,4,4,110,3
2022-2023,11844,10,10,357,7
2022-2023,21100,2,4,154,2
2022-2023,09818,2,2,51,2
2022-2023,09063,5,8,249,4
2022-2023,13707,3,3,108,1
2022-2023,29095,15,42,1580,10
2022-2023,13758,6,8,247,4
2022-2023,21099,34,74,2386,20
2022-2023,03408,4,4,47,1
2022-2023,14586,94,99,1888,11
2022-2023,07035,1,1,44,1
2022-2023,08002,1,1,24,1
2022-2023,26808,1,1,14,1
2022-2023,04481,6,10,289,4
2022-2023,28332,10,25,964,5
2022-2023,14031,20,27,829,9
2022-2023,22853,10,57,2258,7
2022-2023,04372,7,10,319,5
2022-2023,31032,22,34,1029,12
2022-2023,20884,2,2,61,2
2022-2023,07471,5,15,528,3
2022-2023,07296,2,2,39,1
2022-2023,18629,12,16,419,10
2022-2023,16025,4,10,282,3
2022-2023,11111,1,2,50,1
2022-2023,02566,61,91,791,1
2022-2023,10884,5,13,423,5
2022-2023,07389,1,2,87,1
2022-2023,12124,4,9,330,2
2022-2023,02921,2,2,80,1
2022-2023,30541,89,90,1139,4
2022-2023,27005,8,24,882,4
2022-2023,05517,3,4,122,3
2022-2023,13685,22,24,495,2
2022-2023,22726,30,41,1477,19
2022-2023,13351,3,7,161,3
2022-2023,27066,10,19,716,9
2022-2023,08013,10,29,768,7
2022-2023,04171,23,35,1093,8
2022-2023,14432,1,1,20,1
2022-2023,13307,4,9,251,2
2022-2023,18003,71,72,1076,6
2022-2023,29289,3,9,316,3
2022-2023,06685,2,5,118,2
2022-2023,09488,10,16,548,8
2022-2023,29248,2,7,308,2
2022-2023,07006,11,37,1245,11
2022-2023,04733,34,35,1392,4
2022-2023,28690,7,11,425,6
2022-2023,11538,9,17,508,7
2022-2023,07522,3,8,275,2
2022-2023,25189,13,42,1601,9
2022-2023,03709,2,2,26,2
2022-2023,31036,38,65,2021,23
2022-2023,22616,137,206,6171,25
2022-2023,09133,4,12,437,4
2022-2023,24010,12,23,497,10
2022-2023,23156,1,3,100,1
2022-2023,19938,3,5,131,1
2022-2023,30539,2,2,56,2
2022-2023,30408,5,9,293,2
2022-2023,13113,1,1,20,1
2022-2023,21806,10,37,1512,2
2022-2023,08464,92,92,276,1
2022-2023,24738,4,4,88,3
2022-2023,30300,24,39,1308,13
2022-2023,17828,34,124,4818,13
2022-2023,14719,4,9,303,3
2022-2023,02039,1,1,33,1
2022-2023,15750,20,39,1381,10
2022-2023,12214,7,19,756,4
2022-2023,28525,5,17,635,5
2022-2023,13008,13,13,376,4
2022-2023,31087,16,29,969,10
2022-2023,09611,1,2,58,1
2022-2023,15676,40,76,1446,4
2022-2023,14380,6,13,382,6
2022-2023,02966,2,6,224,2
2022-2023,24143,3,14,519,3
2022-2023,30753,4,4,140,4
2022-2023,09303,11,16,607,11
2022-2023,28140,3,6,220,3
2022-2023,11589,12,32,1242,10
2022-2023,01142,17,21,541,10
2022-2023,14059,53,54,1403,3
2022-2023,32411,31,44,958,8
2022-2023,11556,29,35,1175,19
2022-2023,19661,7,12,299,7
2022-2023,06211,1,3,110,1
2022-2023,27062,152,162,4458,31
2022-2023,10037,13,27,703,9
2022-2023,21003,1,1,10,1
2022-2023,12479,1,3,72,1
2022-2023,19460,1,1,16,1
2022-2023,22193,28,62,2156,18
2022-2023,31729,8,15,450,4
2022-2023,20712,2,5,188,2
2022-2023,08072,6,14,477,6
2022-2023,06528,1,1,28,1
2022-2023,02001,18,19,473,7
2022-2023,28099,2,2,37,2
2022-2023,09631,1,5,201,1
2022-2023,07221,3,8,286,1
2022-2023,23445,9,25,872,6
2022-2023,15681,4,8,242,1
2022-2023,06100,6,11,354,4
2022-2023,13616,5,5,185,5
2022-2023,24075,1,1,34,1
2022-2023,14182,7,22,720,6
2022-2023,15423,1,1,22,1
2022-2023,01034,4,5,143,3
2022-2023,24023,10,20,467,10
2022-2023,25431,156,158,3774,3
2022-2023,19029,11,11,272,2
2022-2023,25219,7,11,344,3
2022-2023,22381,9,22,771,6
2022-2023,14110,12,21,752,8
2022-2023,09699,5,12,347,4
2022-2023,29007,1,2,14,1
2022-2023,31009,28,50,1160,17
2022-2023,18608,3,17,650,2
2022-2023,09594,1,1,39,1
2022-2023,19346,19,36,1033,11
2022-2023,30523,7,8,276,5
2022-2023,14120,6,11,358,5
2022-2023,10750,19,54,1579,11
2022-2023,20180,36,114,4269,21
2022-2023,05682,4,14,493,3
2022-2023,01461,3,3,101,3
2022-2023,18673,5,6,153,5
2022-2023,08363,2,5,209,1
2022-2023,03864,12,16,471,7
2022-2023,30950,6,12,433,6
2022-2023,25252,37,61,1702,24
2022-2023,21024,1,2,66,1
2022-2023,04745,9,9,273,6
2022-2023,23697,6,13,418,4
2022-2023,16502,98,101,380,3
2022-2023,31073,3,9,363,1
2022-2023,07359,70,138,2631,18
2022-2023,26115,29,43,1448,9
2022-2023,02647,3,6,183,2
2022-2023,11169,40,74,2057,17
2022-2023,25463,1,1,22,1
2022-2023,31470,18,30,1002,16
2022-2023,21228,12,21,645,8
2022-2023,28220,18,35,1110,11
2022-2023,29295,5,11,374,4
2022-2023,31503,68,136,4482,37
2022-2023,10207,14,42,1488,10
2022-2023,13056,22,38,1033,17
2022-2023,03701,9,17,571,3
2022-2023,19012,4,18,690,2
2022-2023,31458,6,11,230,6
2022-2023,08901,2,2,57,2
2022-2023,24745,8,8,279,4
2022-2023,09565,1,2,67,1
2022-2023,02841,8,11,298,6
2022-2023,04410,38,42,1001,3
2022-2023,20013,2,3,69,2
2022-2023,29259,12,24,811,12
2022-2023,18637,3,9,280,3
2022-2023,31044,16,20,375,9
2022-2023,19680,9,19,692,6
2022-2023,21465,1,1,18,1
2022-2023,21736,3,9,168,3
2022-2023,11715,3,5,134,3
2022-2023,24535,4,4,125,3
2022-2023,07612,2,2,65,2
2022-2023,18433,6,6,104,2
2022-2023,09114,56,93,2885,20
2022-2023,19656,3,9,360,3
2022-2023,14250,11,18,551,10
2022-2023,28190,1,2,80,1
2022-2023,31135,1,1,8,1
2022-2023,31500,1,1,35,1
2022-2023,14257,4,8,225,3
2022-2023,02900,12,17,489,10
2022-2023,03334,9,11,388,7
2022-2023,05371,9,12,321,8
2022-2023,09380,5,26,968,4
2022-2023,02837,11,15,444,9
2022-2023,20069,6,6,121,5
2022-2023,09730,2,6,216,2
2022-2023,22785,6,12,430,5
2022-2023,06314,42,71,1990,22
2022-2023,16455,2,9,260,2
2022-2023,20001,10,14,400,6
2022-2023,27570,7,16,558,5
2022-2023,27525,8,20,666,7
2022-2023,07005,12,33,1118,9
2022-2023,15172,46,82,2899,23
2022-2023,21199,11,29,1083,9
2022-2023,03163,21,30,972,11
2022-2023,31075,33,47,902,22
2022-2023,01184,12,12,349,5
2022-2023,29733,5,9,291,5
2022-2023,08320,7,8,250,7
2022-2023,17092,30,39,1188,10
2022-2023,27663,1,1,10,1
2022-2023,09260,2,4,122,2
2022-2023,24290,51,78,2378,23
2022-2023,19515,2,3,90,2
2022-2023,02325,19,23,599,12
2022-2023,31661,5,5,46,3
2022-2023,32045,2,3,113,2
2022-2023,19014,3,13,502,2
2022-2023,30166,48,48,1199,25
2022-2023,19788,5,14,476,4
2022-2023,10524,22,59,2154,17
2022-2023,04375,69,106,1967,4
2022-2023,18032,2,2,30,2
2022-2023,26216,21,58,2330,18
2022-2023,10024,5,12,386,4
2022-2023,02052,3,3,104,3
2022-2023,32533,5,10,251,4
2022-2023,01140,1,4,147,1
2022-2023,26018,43,43,1141,14
2022-2023,08304,30,42,1350,14
2022-2023,10396,3,3,120,3
2022-2023,24721,173,189,2901,13
2022-2023,06436,2,7,102,2
2022-2023,31546,13,16,236,7
2022-2023,27042,14,37,1127,8
2022-2023,23471,1,2,40,1
2022-2023,10689,2,2,17,2
2022-2023,22312,5,13,438,3
2022-2023,11910,1,2,16,1
2022-2023,22004,4,9,197,4
2022-2023,20448,8,18,453,5
2022-2023,03487,3,4,116,3
2022-2023,27452,18,18,36,1
2022-2023,11013,2,8,288,2
2022-2023,03910,4,11,247,4
2022-2023,18244,29,73,2065,15
2022-2023,21473,1,1,17,1
2022-2023,27479,17,17,432,10
2022-2023,16309,4,6,183,3
2022-2023,22490,3,10,301,3
2022-2023,21462,6,17,509,5
2022-2023,13020,55,59,1453,11
2022-2023,31090,4,8,305,3
2022-2023,12286,3,7,257,2
2022-2023,19404,25,51,1602,17
2022-2023,19108,9,23,832,8
2022-2023,04504,1,6,253,1
2022-2023,31444,1,1,10,1
2022-2023,31665,674,802,10703,21
2022-2023,24119,10,42,1520,9
2022-2023,31473,1,1,27,1
2022-2023,26459,4,6,159,4
2022-2023,07020,2,2,66,2
2022-2023,09520,3,4,107,3
2022-2023,32106,32,45,900,21
2022-2023,31905,1446,1795,17604,38
2022-2023,25776,3,3,74,3
2022-2023,07625,2,3,86,2
2022-2023,31062,26,32,734,12
2022-2023,04014,1,1,14,1
2022-2023,08348,4,6,187,4
2022-2023,01500,2,5,166,2
2022-2023,03814,6,11,430,6
2022-2023,31501,6,12,362,6
2022-2023,15699,19,20,721,14
2022-2023,29132,21,49,1310,8
2022-2023,18564,11,28,824,10
2022-2023,04083,28,41,1091,18
2022-2023,11949,140,222,1973,14
2022-2023,31731,5,18,674,5
2022-2023,12150,3,6,205,3
2022-2023,25184,20,29,1065,16
2022-2023,22134,16,33,1154,11
2022-2023,27041,1,1,15,1
2022-2023,26706,10,11,394,7
2022-2023,24006,8,11,299,4
2022-2023,29668,1,1,7,1
2022-2023,20017,3,10,325,2
2022-2023,02850,12,13,423,11
2022-2023,21898,13,24,741,7
2022-2023,31001,6,12,380,5
2022-2023,26918,1,3,100,1
2022-2023,03421,1,1,44,1
2022-2023,10432,13,31,1177,11
2022-2023,10442,3,4,105,3
2022-2023,13300,6,8,192,6
2022-2023,08719,2,6,214,2
2022-2023,08371,11,27,847,9
2022-2023,26470,3,12,356,3
2022-2023,17456,1,2,17,1
2022-2023,12007,2,4,176,2
2022-2023,12595,72,171,4125,7
2022-2023,15230,57,97,3035,24
2022-2023,08619,8,19,437,5
2022-2023,28012,1,1,23,1
2022-2023,31778,10,18,587,9
2022-2023,26094,12,23,733,8
2022-2023,29686,10,12,403,9
2022-2023,21572,22,23,623,19
2022-2023,20506,15,25,814,8
2022-2023,07001,7,7,28,1
2022-2023,28010,14,25,715,5
2022-2023,27016,2,2,65,2
2022-2023,15061,10,56,2335,7
2022-2023,19466,59,77,1296,11
2022-2023,30768,33,53,1685,18
2022-2023,26172,2,3,116,2
2022-2023,27146,20,30,1045,16
2022-2023,21733,3,10,370,3
2022-2023,02728,1,1,20,1
2022-2023,10046,42,54,1362,19
2022-2023,10658,18,18,440,16
2022-2023,09241,1,3,100,1
2022-2023,22775,1,1,21,1
2022-2023,23323,3,11,345,3
2022-2023,12536,17,39,1228,11
2022-2023,21121,20,43,1458,15
2022-2023,06468,9,18,572,6
2022-2023,03329,9,9,217,3
2022-2023,18662,5,7,189,5
2022-2023,04403,7,20,588,5
2022-2023,15058,40,44,1163,9
2022-2023,29283,9,18,579,6
2022-2023,20609,5,10,364,4
2022-2023,08152,3,3,76,3
2022-2023,13133,33,70,2415,19
2022-2023,13265,5,10,268,4
2022-2023,20062,3,11,412,3
2022-2023,26041,11,17,577,7
2022-2023,31066,6,12,465,6
2022-2023,08182,3,3,94,3
2022-2023,17889,4,4,68,4
2022-2023,20535,5,5,99,5
2022-2023,17756,2,4,106,1
2022-2023,16406,9,18,529,5
2022-2023,12568,8,24,844,7
2022-2023,28733,2,8,298,1
2022-2023,05514,5,6,145,5
2022-2023,18006,15,21,812,8
2022-2023,02150,12,12,456,8
2022-2023,13890,34,43,1548,13
2022-2023,31007,51,178,6660,20
2022-2023,17484,7,13,396,7
2022-2023,18617,7,8,315,5
2022-2023,13453,201,201,2765,7
2022-2023,31133,11,22,453,10
2022-2023,31861,49,68,1653,20
2022-2023,30359,9,24,750,6
2022-2023,19007,8,18,615,3
2022-2023,14084,25,61,2095,15
2022-2023,12028,1,1,12,1
2022-2023,17221,30,52,1356,10
2022-2023,05046,8,24,923,7
2022-2023,17466,4,11,419,4
2022-2023,24025,12,23,778,6
2022-2023,15881,155,310,7737,4
2022-2023,22207,2,4,129,1
2022-2023,14125,10,29,1176,8
2022-2023,03166,20,36,1251,11
2022-2023,20112,34,44,1174,8
2022-2023,17572,3,10,345,3
2022-2023,23396,516,723,8171,12
2022-2023,25379,17,38,1206,13
2022-2023,29806,1,2,77,1
2022-2023,02691,11,11,118,6
2022-2023,17790,26,42,1512,19
2022-2023,15130,9,15,538,3
2022-2023,27007,12,21,676,11
2022-2023,14467,4,7,173,4
2022-2023,09499,2,2,66,1
2022-2023,19528,3,5,165,3
2022-2023,07630,5,11,345,4
2022-2023,28054,19,30,962,8
2022-2023,02721,1,1,17,1
2022-2023,25025,4,5,75,4
2022-2023,16460,3,10,286,2
2022-2023,21778,5,5,140,4
2022-2023,06348,23,47,1047,13
2022-2023,31505,17,20,460,16
2022-2023,28720,1,2,85,1
2022-2023,08362,2,7,263,2
2022-2023,19453,6,8,251,6
2022-2023,27737,2,4,120,2
2022-2023,12545,6,18,556,5
2022-2023,21735,4,7,249,3
2022-2023,32376,37,104,3925,20
2022-2023,22611,4,5,98,4
2022-2023,09117,3,6,169,2
2022-2023,09109,30,59,1969,19
2022-2023,15930,10,15,317,4
2022-2023,19662,1,4,133,1
2022-2023,21001,7,7,170,5
2022-2023,06328,2,4,104,2
2022-2023,17191,26,29,905,3
2022-2023,28523,1,1,22,1
2022-2023,11544,2,8,330,2
2022-2023,25802,2,2,43,2
2022-2023,10122,45,53,1248,16
2022-2023,11178,12,19,430,5
2022-2023,02986,2,3,59,2
2022-2023,25714,2,5,192,2
2022-2023,21239,5,8,228,3
2022-2023,24499,6,19,565,2
2022-2023,13009,3,11,451,2
2022-2023,11519,3,8,245,2
2022-2023,03579,14,20,559,12
2022-2023,27804,2,11,477,2
2022-2023,05727,7,30,1120,7
2022-2023,20835,3,9,330,2
2022-2023,19328,9,16,469,3
2022-2023,31039,32,48,1319,18
2022-2023,11433,2,4,110,2
2022-2023,11542,15,22,717,13
2022-2023,12134,11,20,639,4
2022-2023,11153,37,141,5275,12
2022-2023,12067,7,14,371,5
2022-2023,02442,260,264,3250,8
2022-2023,32116,4,7,191,3
2022-2023,05175,6,11,358,5
2022-2023,21699,20,41,1397,9
2022-2023,31018,33,38,1080,10
2022-2023,07364,3,4,141,2
2022-2023,31021,23,30,883,13
2022-2023,31435,14,19,408,8
2022-2023,21281,11,22,819,10
2022-2023,05858,4,10,400,3
2022-2023,32300,5,7,247,5
2022-2023,29360,4,8,228,3
2022-2023,10254,6,6,234,4
2022-2023,22139,48,62,2059,20
2022-2023,07498,5,5,153,3
2022-2023,30885,39,54,2118,35
2022-2023,02601,75,77,1504,3
2022-2023,23155,8,11,352,5
2022-2023,23041,23,33,921,9
2022-2023,12464,26,42,1353,16
2022-2023,22767,3,5,154,2
2022-2023,31052,20,39,1295,9
2022-2023,27013,63,67,1220,8
2022-2023,29663,9,9,91,2
2022-2023,28477,2,6,186,1
2022-2023,05133,14,16,617,5
2022-2023,19290,4,13,375,3
2022-2023,28196,34,45,1565,7
2022-2023,02504,1,3,110,1
2022-2023,09727,2,4,108,2
2022-2023,28042,3,7,267,2
2022-2023,02041,8,8,222,3
2022-2023,21664,10,10,330,2
2022-2023,24013,25,43,1428,12
2022-2023,20442,5,10,350,4
2022-2023,19213,4,5,96,4
2022-2023,15136,4,4,120,2
2022-2023,04072,3,5,184,3
2022-2023,23137,4,6,84,4
2022-2023,28040,21,46,1287,18
2022-2023,27561,2,2,38,2
2022-2023,08302,4,8,264,1
2022-2023,13561,3,8,286,3
2022-2023,27739,1,4,146,1
2022-2023,04108,68,71,2539,4
2022-2023,02717,30,81,2541,6
2022-2023,07684,10,22,763,6
2022-2023,09263,1,1,27,1
2022-2023,15854,7,17,640,4
2022-2023,26067,2,4,173,2
2022-2023,28174,24,42,1220,11
2022-2023,08688,7,14,458,4
2022-2023,27051,2,2,78,2
2022-2023,22277,6,14,420,6
2022-2023,13462,25,26,350,3
2022-2023,23150,2,7,220,2
2022-2023,20751,4,10,377,4
2022-2023,31026,1,3,111,1
2022-2023,26179,9,16,415,6
2022-2023,13067,4,9,227,3
2022-2023,20223,6,8,279,4
2022-2023,05125,22,31,906,10
2022-2023,03755,5,6,183,4
2022-2023,29015,5,10,293,4
2022-2023,31024,29,82,2746,12
2022-2023,21468,167,475,11918,5
2022-2023,02490,7,7,132,3
2022-2023,26133,11,24,789,10
2022-2023,24551,7,13,331,7
2022-2023,24077,8,26,969,6
2022-2023,17397,2,3,52,2
2022-2023,30002,3,10,365,3
2022-2023,09313,2,3,61,2
2022-2023,17181,12,35,1217,7
2022-2023,05032,3,3,85,2
2022-2023,10020,10,38,1393,6
2022-2023,23520,6,11,396,6
2022-2023,09327,15,57,1505,12
2022-2023,02821,2,4,81,2
2022-2023,14559,2,2,66,2
2022-2023,20936,5,14,385,5
2022-2023,28206,14,25,552,7
2022-2023,12314,14,20,556,10
2022-2023,04518,4,8,272,4
2022-2023,32680,3,5,196,3
2022-2023,20004,4,8,287,2
2022-2023,31170,2,8,268,2
2022-2023,19740,14,60,2373,7
2022-2023,07610,1,3,90,1
2022-2023,29238,1,4,144,1
2022-2023,24065,1,5,220,1
2022-2023,03737,3,5,160,3
2022-2023,26203,19,24,809,12
2022-2023,02104,8,15,506,4
2022-2023,11076,8,17,618,5
2022-2023,16021,68,78,2338,9
2022-2023,09581,10,13,357,8
2022-2023,02067,8,8,192,8
2022-2023,18927,1,1,33,1
2022-2023,02650,11,25,651,5
2022-2023,16040,30,75,1807,9
2022-2023,08524,6,9,265,6
2022-2023,10445,1,3,96,1
2022-2023,20519,2,3,70,2
2022-2023,06750,1,2,82,1
2022-2023,25560,9,21,557,7
2022-2023,05440,69,92,1031,2
2022-2023,11012,760,801,15780,17
2022-2023,10391,2,5,104,2
2022-2023,30456,1,1,16,1
2022-2023,03710,7,19,379,3
2022-2023,14016,2,2,57,2
2022-2023,05123,10,11,369,3
2022-2023,24490,4,10,158,4
2022-2023,07519,2,4,132,2
2022-2023,06018,15,16,194,6
2022-2023,28072,7,26,912,6
2022-2023,25511,5,8,301,4
2022-2023,24704,9,26,916,7
2022-2023,27566,4,24,853,4
2022-2023,22787,3,3,80,3
2022-2023,07597,4,5,119,4
2022-2023,26186,43,57,1074,5
2022-2023,05079,11,15,204,3
2022-2023,06353,2,6,216,1
2022-2023,13555,2,3,98,1
2022-2023,07573,3,3,77,3
2022-2023,05518,41,42,1664,6
2022-2023,01134,4,7,224,4
2022-2023,21095,6,19,723,6
2022-2023,27097,15,37,1273,11
2022-2023,25469,4,7,201,4
2022-2023,15010,119,165,5187,27
2022-2023,31699,7,10,138,7
2022-2023,30280,23,56,1960,12
2022-2023,02003,1,1,34,1
2022-2023,30122,87,170,5304,34
2022-2023,23688,6,17,564,3
2022-2023,06701,12,22,677,6
2022-2023,12057,7,9,269,4
2022-2023,30460,143,143,2003,3
2022-2023,27730,10,11,277,10
2022-2023,11019,47,94,3250,7
2022-2023,02347,3,3,89,3
2022-2023,22016,3,3,53,3
2022-2023,28008,12,32,1295,9
2022-2023,08376,13,26,740,12
2022-2023,24211,18,47,1657,5
2022-2023,17531,1,2,45,1
2022-2023,03749,49,52,1437,8
2022-2023,07025,13,23,467,7
2022-2023,10716,19,27,835,15
2022-2023,31057,15,19,545,10
2022-2023,02909,6,8,209,6
2022-2023,22706,4,4,76,1
2022-2023,09015,63,117,3042,9
2022-2023,04007,56,76,2269,18
2022-2023,31733,4,8,260,2
2022-2023,20716,6,11,336,5
2022-2023,17703,26,97,3237,14
2022-2023,17035,56,63,1096,4
2022-2023,15708,9,14,425,8
2022-2023,31738,1,3,120,1
2022-2023,08518,8,11,318,8
2022-2023,06010,8,23,524,7
2022-2023,25032,34,102,3588,11
2022-2023,01110,5,7,204,4
2022-2023,05030,29,30,871,7
2022-2023,03825,6,11,232,6
2022-2023,15154,8,8,236,1
2022-2023,03807,1,2,58,1
2022-2023,25007,17,33,757,14
2022-2023,24343,34,48,1525,12
2022-2023,21720,6,12,498,2
2022-2023,14023,38,50,1385,33
2022-2023,27207,34,73,2586,23
2022-2023,10029,9,22,643,7
2022-2023,28048,16,34,1233,9
2022-2023,13766,2,5,159,2
2022-2023,06592,6,16,568,4
2022-2023,25021,25,43,1211,6
2022-2023,19089,43,68,1818,36
2022-2023,12211,4,7,219,4
2022-2023,22195,6,10,336,5
2022-2023,11751,3,4,115,2
2022-2023,19002,3,4,68,2
2022-2023,18042,2,3,83,2
2022-2023,02822,5,8,272,4
2022-2023,25120,61,85,2653,24
2022-2023,24005,22,65,2398,13
2022-2023,30127,58,125,4190,33
2022-2023,10686,38,58,1414,9
2022-2023,21090,36,69,2278,20
